Type,Name,Sequence (5' to 3'),Direction
gRNA,gRNA1_Sense,CACCGACCTTGTTACTCAACCATG,Sense
gRNA,gRNA1_Antisense,AAACCATGGTTAGGATACAAGTGC,Antisense
gRNA,gRNA2_Sense,CACCGTTCCGGTGGGCGGTAGAGA,Sense
gRNA,gRNA2_Antisense,AAACTCTCTACCGCCCCACGGGAC,Antisense
gRNA,gRNA3_Sense,CACCGAGGAGAATCATCTGAATCC,Sense
gRNA,gRNA3_Antisense,AAACGGATTCGAGTGATTCTCCTGC,Antisense
gRNA,gRNA4_Sense,CACCGCCCTGATCTAACATCCGGA,Sense
gRNA,gRNA4_Antisense,AAACTCGGGATGTGAGATCAGGGG,Antisense
Primer,Variant1_HER2_Isoform_a_F,GAGCCGAGTGAGCACCAT,Forward
Primer,Variant1_HER2_Isoform_a_R,AGCAAGGTAGGTGATTCCAG,Reverse
Primer,Variant2_HER2_Isoform_b_F,AGAGGCGATAGGGTTAAGGG,Forward
Primer,Variant2_HER2_Isoform_b_R,GTGGTGAACAGGACAGCAAA,Reverse
Primer,GAPDH_F,TCACTGTTCTCTCCCTCCG,Forward
Primer,GAPDH_R,CATTGATGGCAACAATATCC,Reverse
Primer,NANOG_F,AATACCTCAGCCTCCAGCAGATG,Forward
Primer,NANOG_R,TGCGTCACACCATTGCTATTCTTC,Reverse
Primer,SOX2_F,AAGACTAGGAGCTGAGAGAAAGAAGAG,Forward
Primer,SOX2_R,AAGAGAGAGGAGCAAACTGGAATC,Reverse
Primer,OCT4_F,CAAGCCCTCATTTCCACCAG,Forward
Primer,OCT4_R,AGCCAGGTCCGAGGATCAA,Reverse
Primer,PTEN_F,GTCTCTCTTTGTGCCACCT,Forward
Primer,PTEN_R,CAGCAAGCACGCGAGGAT,Reverse
Primer,GAS5_F,CCAGCATGACAGATTTCTACCAC,Forward
Primer,GAS5_R,GGGCAGGGTATGACATGAGGAG,Reverse
Primer,P53_F,CTCCACTGTTGCGGTCACAC,Forward
Primer,P53_R,CGGGTCGCAGATGAAACTCT,Reverse